{"cameraMode":{"drawMode":0,"name":"Shaded","section":"Shading Mode"},"sceneLighting":true,"audioPlay":false,"sceneViewState":{"showFog":true,"showMaterialUpdate":true,"showSkybox":true,"showFlares":true,"showImageEffects":true,"showParticleSystems":true},"in2DMode":false,"pivot":{"x":5.050000190734863,"y":0.30000001192092898,"z":1.1460000276565552},"rotation":{"x":0.19401788711547852,"y":-0.7071762084960938,"z":0.21243387460708619,"w":0.6458565592765808},"size":1.484999656677246,"orthographic":true}