{"cameraMode":{"drawMode":0,"name":"Shaded","section":"Shading Mode"},"sceneLighting":true,"audioPlay":false,"sceneViewState":{"showFog":true,"showMaterialUpdate":true,"showSkybox":true,"showFlares":true,"showImageEffects":true,"showParticleSystems":true},"in2DMode":false,"pivot":{"x":5.700000762939453,"y":1.000000238418579,"z":12.5},"rotation":{"x":0.21175147593021394,"y":-0.6334890723228455,"z":0.18616147339344026,"w":0.7205531597137451},"size":8.083317756652832,"orthographic":true}