{"cameraMode":{"drawMode":0,"name":"Shaded","section":"Shading Mode"},"sceneLighting":true,"audioPlay":false,"sceneViewState":{"showFog":true,"showMaterialUpdate":true,"showSkybox":true,"showFlares":true,"showImageEffects":true,"showParticleSystems":true},"in2DMode":false,"pivot":{"x":2.639355182647705,"y":1.0,"z":5.2671427726745609},"rotation":{"x":-0.013861696235835553,"y":-0.9822272062301636,"z":0.16893413662910462,"w":-0.0806160643696785},"size":4.041658401489258,"orthographic":true}