{"cameraMode":{"drawMode":0,"name":"Shaded","section":"Shading Mode"},"sceneLighting":true,"audioPlay":false,"sceneViewState":{"showFog":true,"showMaterialUpdate":true,"showSkybox":true,"showFlares":true,"showImageEffects":true,"showParticleSystems":true},"in2DMode":false,"pivot":{"x":4.733187198638916,"y":0.30882692337036135,"z":1.5091997385025025},"rotation":{"x":0.027414821088314058,"y":-0.6300978660583496,"z":0.02226412482559681,"w":0.775712251663208},"size":35.83348846435547,"orthographic":true}