{"cameraMode":{"drawMode":0,"name":"Shaded","section":"Shading Mode"},"sceneLighting":true,"audioPlay":false,"sceneViewState":{"showFog":true,"showMaterialUpdate":true,"showSkybox":true,"showFlares":true,"showImageEffects":true,"showParticleSystems":true},"in2DMode":false,"pivot":{"x":5.700000762939453,"y":1.000000238418579,"z":12.5},"rotation":{"x":0.12440674751996994,"y":-0.09627239406108856,"z":0.012125790119171143,"w":0.9874753952026367},"size":4.132011413574219,"orthographic":true}