{"cameraMode":{"drawMode":0,"name":"Shaded","section":"Shading Mode"},"sceneLighting":false,"audioPlay":false,"sceneViewState":{"showFog":true,"showMaterialUpdate":true,"showSkybox":false,"showFlares":true,"showImageEffects":true,"showParticleSystems":true},"in2DMode":false,"pivot":{"x":1.7400000095367432,"y":1.1500000953674317,"z":4.929999828338623},"rotation":{"x":-0.05196249485015869,"y":-0.22221310436725617,"z":0.011860706843435765,"w":-0.9735402464866638},"size":4.041658401489258,"orthographic":false}