{"cameraMode":{"drawMode":0,"name":"Shaded","section":"Shading Mode"},"sceneLighting":false,"audioPlay":false,"sceneViewState":{"showFog":true,"showMaterialUpdate":true,"showSkybox":false,"showFlares":true,"showImageEffects":true,"showParticleSystems":true},"in2DMode":false,"pivot":{"x":0.20000000298023225,"y":0.10000000149011612,"z":-0.4000000059604645},"rotation":{"x":0.11903038620948792,"y":0.01340360939502716,"z":-0.0016070263227447868,"w":0.9927988648414612},"size":22.0,"orthographic":false}